DSRI,GMI,AQI,SGI,DEPI,SGAI,TATA,LVGI,FRAUD_FLAG
1.324046855,0.699713595,0.784149589,1.305297059,1.0330874,1.175462321,-0.077546279,1.071895981,0
0.541890594,1.063566008,0.864988271,0.871432083,0.915544346,0.984511813,0.185485318,0.853732658,0
1.538237201,1.783543618,1.189685188,1.487365724,1.206567433,1.163623123,0.145617654,1.360980696,1
1.021169436,0.264798731,0.752513737,1.348085181,0.762045157,1.001458387,0.088256181,1.434550032,0
1.623639522,1.360922132,1.233561072,1.165546225,0.681934193,0.890597936,0.045031254,1.159698954,0
1.147067412,1.41713748,0.711958888,1.211726333,1.372034306,1.264685957,0.148307144,1.149832743,1
1.068917454,0.692495684,1.216745101,1.966698364,0.88920552,1.050513654,0.105152395,1.311253137,1
0.74807436,0.959168326,0.662617183,1.526924884,1.199217624,1.163097179,0.138531023,1.436334464,0
0.932071722,0.799784853,0.89554683,2.029810652,0.832908785,1.039361981,0.045275833,1.111193352,1
1.347809817,1.656189613,1.524123596,1.362812077,1.191684209,0.878410777,0.193145047,0.950097403,1
0.742229995,1.43090758,1.477136592,0.561323423,1.3867093,1.402097328,0.14335103,1.294180246,0
0.503290158,1.445427612,0.946868837,1.045130519,0.944575723,1.088742064,0.090762904,0.542381789,0
0.89985789,1.136194168,1.147490147,0.46991805,0.663311779,0.911237839,0.150477834,1.372895462,0
1.494001882,1.493627585,1.351017005,1.361321214,1.387758783,1.319582368,0.016467045,0.886943915,1
1.823451877,1.09752903,1.220324044,1.448161679,1.235248864,0.669794057,-0.043400029,1.02793164,1
0.962904516,1.507747288,0.981633938,0.795633602,0.955285753,1.559070913,0.075724041,1.374815397,0
0.657909962,1.055391073,0.862841171,0.887745448,1.006409589,0.955212561,0.045432764,0.975347145,0
1.079904828,0.896227425,1.267025786,1.209500358,0.827869561,0.682996448,0.034182613,1.294222664,0
1.26434943,1.64328508,1.332675827,0.670758375,1.334051386,1.476485337,0.147304963,1.441672626,0
1.402263997,1.093745372,1.478925459,0.640736092,0.943056878,0.884208097,0.063371137,1.133009927,0
1.947124437,0.830360028,0.628187644,1.645452819,0.766258292,1.060811142,0.071085526,1.193434447,0
1.279397088,0.827109831,0.736718803,1.195884247,1.092729176,1.179422685,0.023835795,1.064169238,0
1.779411569,0.828026398,1.340480901,0.926756257,0.877997328,1.296043132,0.120489851,1.134679399,0
1.037976102,1.353332705,0.662117363,0.473152445,0.843997085,1.074943641,0.106150063,0.765078566,0
1.230298035,1.070341137,1.359637489,1.490940543,0.963980159,0.838171148,0.119892774,1.011878574,1
0.992491044,1.789387693,0.996266874,0.876192715,1.067271063,1.054748131,0.010218883,0.713538318,0
0.961998483,1.455853455,0.919771545,1.894273778,0.773778049,0.895171114,0.154327077,0.830369833,1
1.107807954,1.177141439,1.101357149,1.493724039,1.327029785,1.062252919,0.197101474,0.499115294,1
1.101770794,1.521169262,0.713657887,0.826743258,1.185431942,1.407037386,0.117363072,1.179178446,1
0.988608428,0.951347799,1.256003708,0.863811321,0.976927402,1.188981298,-0.014743063,1.60748065,0
1.007761482,0.543564259,1.472409249,1.838740465,0.869331303,1.05166161,-0.014176183,0.963168279,1
1.583878689,0.803125083,1.267644054,1.116296221,1.032154909,1.184622708,0.019969844,1.389540077,1
1.939589255,1.144162349,0.988372827,0.944675509,1.229887008,1.202520163,0.004849823,1.437707845,0
1.025557682,1.033237558,0.665491073,1.161088675,1.198916805,0.730531474,0.04431259,0.74025883,0
1.086461593,1.347324616,0.675103136,0.94283494,1.26170086,1.010430678,0.100595397,0.804861825,0
1.38361315,1.062615866,0.717589174,1.246419391,0.953924502,1.640631915,0.073196195,1.397239427,0
2.315461668,1.324410418,1.046930431,1.119670551,0.465014964,1.303205246,0.066183125,1.072297591,1
1.229457232,1.550291489,1.078350016,1.500203192,1.29956224,0.87414111,0.03070378,0.71276334,0
1.540421503,1.061691245,1.267110878,0.994570359,1.016560771,0.849198026,0.044092326,0.908942124,1
1.740566194,1.266543587,0.600992753,0.796073453,1.183233213,0.840868569,0.113726041,1.225898073,0
1.320423846,0.573563948,1.377802558,1.010406121,1.383845751,1.216579988,-0.110956642,0.861818998,0
1.52418139,1.062831806,1.22360158,1.007966441,1.536881727,1.40191023,0.049088767,0.26763894,1
1.412743489,0.730412562,0.968290927,1.118986474,0.920035704,1.145541761,0.073039008,1.003396047,0
1.561379477,1.143568033,0.752559615,1.403816115,1.076791981,1.039290587,0.112686645,1.027702042,0
0.837959175,1.170799927,1.36228516,1.381963587,1.323367292,0.888961161,-0.030803675,1.10276793,0
1.27149903,1.169802907,0.97497651,1.62986347,0.881144196,1.082343286,-0.035032775,1.477665012,1
1.368426205,0.955963223,1.044995275,0.825404129,0.933577681,0.79496957,0.0967164,1.116056839,0
1.36347001,1.789540659,1.145902993,1.305488049,0.932392284,0.516058613,-0.102356179,1.172881206,0
1.597956097,0.719593547,0.821700274,1.440927939,1.044381937,1.409206423,0.156575129,1.416661092,0
1.356411551,0.701256252,0.979454855,0.880311837,1.005975264,0.748546832,0.068127359,1.103103205,0
0.799268018,1.596493513,1.266329226,1.066947579,0.931240936,0.918791907,0.174697697,1.740956224,0
1.406960641,0.888716261,1.24102402,0.45000885,0.856848517,1.164089363,-0.03696579,0.720887512,0
0.89092247,0.816592794,1.243276802,1.512743078,1.212388066,1.358616717,0.015091243,0.819755686,0
0.955217683,1.790873569,0.761205062,1.063800719,1.317566204,1.064282663,-0.142629466,1.284187522,0
1.053521892,1.395716815,0.990854912,1.472625671,1.346542959,0.701572253,-0.013655181,1.47629406,0
1.161003428,0.921660636,0.950901541,1.232419807,0.953785289,0.924663388,0.03529225,1.039761501,0
0.659696109,1.165252372,1.156294711,1.075933908,1.220744934,0.830378649,-0.107016606,0.796813649,0
1.590912704,1.683761385,1.133914497,0.51287888,1.097265181,0.990447243,0.018429855,1.628296876,1
0.795569431,1.307486204,1.088856833,0.584018956,0.93586573,1.307996118,-0.108987214,0.862289332,0
1.749538718,1.485844537,1.666433489,0.112741526,1.196843644,0.365652851,0.029403185,1.201716335,0
0.806266892,1.341440954,0.97729848,0.924954607,0.926678989,0.897152542,0.141768954,1.494245543,0
1.648672133,1.379076004,0.948044228,2.061299481,0.974764679,0.878987591,0.04720162,0.967518433,1
1.19005249,1.111922509,0.760812582,0.634821044,0.774654059,0.685809664,0.18265659,0.913361649,0
0.599251444,1.103404544,0.665538169,0.097427247,0.957155781,1.146372686,0.112903405,0.933893677,0
0.834963512,1.180115116,0.744920656,1.535067568,1.100772242,0.646256032,0.157851828,1.370465377,0
1.664265084,1.320335842,0.870329519,2.095487148,1.363786899,0.67502643,-0.011195619,1.418044312,1
1.357027036,1.015005405,1.377518274,1.269168426,0.979300911,1.212767304,-0.01313133,1.110117618,0
1.172443911,1.13661618,1.059790976,1.265492958,0.842366171,1.375142842,0.077649073,1.664924676,0
0.424133631,1.006896315,1.098332667,1.026047171,1.349473794,0.980975808,-0.076216167,1.109589968,0
1.686348219,1.134705447,1.025931673,0.432297108,0.949089513,0.69565097,0.0876915,1.487699964,0
1.854648364,0.724701101,1.141325248,0.569715233,0.700323669,0.823611477,0.024086415,0.970399519,0
1.790805961,1.88179324,1.400518037,1.023298668,1.076618747,1.252000487,0.156399747,1.80012696,1
0.984664174,0.880117964,0.551517291,0.946617864,0.985045305,1.02910956,0.10436098,1.571039425,0
1.333979814,0.991561783,1.354584329,1.103930829,1.510079129,0.974740306,0.137736514,1.061607609,0
1.372249362,0.854220682,0.421240387,1.48172993,1.145073207,1.078262427,-0.010336487,1.530362063,0
0.665391581,1.284712625,1.057050678,0.917264867,1.020731529,0.990585014,0.133856822,1.515194147,0
1.263172377,1.041199211,1.597976839,1.489886703,0.865100558,1.386428074,0.165577,1.565912323,1
1.574864533,0.810857747,1.220164485,0.919884116,1.116033368,0.812714184,0.046902894,0.355404099,0
1.467567382,1.29706501,1.143264734,1.565295837,1.34134199,0.784010221,-0.00914805,1.315805435,0
0.811092666,1.337494744,1.550486492,1.184547027,1.112362837,0.65413662,-0.007742976,1.262689631,1
0.898084707,1.079937103,0.874234275,0.975667864,0.880514062,0.865003091,0.149121039,1.241321984,0
1.476707896,0.900912215,1.158491856,1.177717624,1.157761242,0.727006131,0.264747659,1.16550393,0
1.421498353,1.757319802,1.194529274,1.032584463,1.040278621,1.054518877,-0.028531606,1.174343384,0
0.411044462,1.202020289,0.919399466,1.195253695,1.139722621,1.005236841,-0.034681604,1.484942092,0
0.340192399,0.717779305,0.941472455,1.453242479,0.97903853,0.730231125,0.123713134,1.261842012,0
1.173213779,1.524212138,0.914055142,1.115113761,0.974340945,1.14728484,-0.010313082,1.165071933,0
0.9936215,0.843267575,1.071828744,1.002172459,0.966444041,1.379203217,0.131468431,1.441814304,1
1.095594572,1.922563502,1.186672901,0.700593518,1.23844763,1.089459587,0.087227694,1.225407854,0
1.056048293,1.123897357,1.080807568,1.381671208,0.976354945,0.364125454,0.048081816,1.254070528,0
1.544408241,1.403994811,1.227365454,1.289308891,0.958053854,1.496782743,0.085301723,1.660111133,1
1.23624883,0.475994732,0.557713179,0.67722286,0.86158682,1.186730867,0.08041587,0.969655786,0
1.293672605,0.714757735,0.995437209,1.484197711,1.14080276,1.489104563,0.03563148,0.645286898,0
0.730190511,1.500157886,0.794145172,0.670726387,1.11234036,1.272680897,-0.090508883,1.121709053,0
0.022566566,1.19534452,1.125430628,1.561688716,0.960246355,1.322628855,0.064292058,1.164363003,0
1.593239624,1.712718927,1.121729357,1.425145331,0.908124258,1.051316723,0.175844829,1.316458709,1
1.950121816,1.245552532,1.021094471,1.317866209,1.425234683,0.934425997,-0.078701493,1.132194774,0
1.080093896,1.143588872,1.177569753,0.999201936,0.673911389,1.093370297,-0.027262802,1.326535773,0
1.28726009,1.614072197,1.29945318,1.380311913,1.148634401,0.82280373,0.084146158,1.851385004,0
1.313581411,1.4030411,1.034869869,1.580548798,1.30828071,1.108470213,0.053087349,1.340454296,0
1.786352637,1.04112164,0.787076278,1.386940768,0.372637248,0.343303436,0.082894573,1.39319459,0
1.511144503,0.77176877,0.654685607,0.881899991,1.208828012,1.010733061,-0.005945457,1.061140578,0
1.373622482,0.388515301,1.059027544,1.256962793,1.00594908,1.33616903,0.142996663,0.684422873,1
1.219450255,0.968700299,1.110466675,1.602813995,1.101210973,1.023577145,0.053752045,0.410566524,0
1.221081523,0.744099471,0.807619028,2.029639272,0.985352407,1.431870685,0.105758842,0.944395825,1
0.696188441,1.879311393,1.231441706,1.06791481,1.265078689,0.934063653,0.075622193,0.325888503,0
1.065779366,0.904888717,0.935260779,1.493153242,1.122623868,1.250662728,0.064039597,1.254064708,0
1.510170688,0.896687298,0.635891784,1.603792208,1.076343978,0.780432482,0.100146693,0.985154905,1
1.118203887,0.643626538,1.364109086,0.825038,0.870227879,1.240489155,0.064919036,0.70598754,0
1.215522695,1.020104801,1.33599698,1.862831327,1.426458447,1.058148727,-0.045215922,1.139262236,1
0.788355383,0.900639521,0.546100141,0.723926126,1.051986204,0.945062376,0.136988546,0.878410342,0
1.355927415,1.621318829,0.90934993,1.473594206,1.507961159,0.356529471,0.115450183,1.235232876,1
0.68838517,1.150542848,0.89960408,1.272127912,1.435513877,0.936405806,-0.118548031,1.312287899,0
1.301458984,1.097340793,1.459872165,1.172230224,0.694329807,1.053363255,-0.002336023,0.889449751,0
1.134471265,1.059598174,1.025176822,2.168733313,0.919010808,1.207177359,0.133388837,1.028815646,1
0.589850163,1.335852476,0.67603045,1.029497906,0.842609799,1.39023745,-0.096154284,1.164468726,0
1.574317283,0.96430155,1.270526196,1.023061763,1.040358784,1.508758175,0.125485351,0.677887336,0
1.142647158,1.300161828,0.742306114,1.682591523,1.087432804,1.311566836,0.038702197,1.164442257,0
1.851272319,1.584190946,0.984914877,1.454721511,1.095985294,0.859477419,0.157222606,0.670694406,1
1.71738824,1.238022503,0.857557781,1.662839568,1.260825735,0.923798978,0.049908257,1.269715094,1
0.892186256,1.025080615,0.909886225,1.196747753,1.348716554,1.184728868,-0.007765439,0.969450901,0
0.922898007,0.813962249,1.284314522,1.276777047,1.24349755,1.129903615,0.074646853,0.66903718,0
0.789808101,1.017462804,1.43033254,1.910374245,0.937812957,1.40708649,0.047569161,0.92600792,1
0.644737734,1.268923662,0.731407813,0.815618368,0.893595227,1.619847355,-0.014868091,0.938697626,0
1.052237989,0.640241797,1.206519106,1.108849182,1.050552367,1.566795049,0.227467479,1.420556265,1
1.705311523,1.349462827,0.866811593,1.469301629,1.135223905,1.37348455,-0.027687855,1.15199141,1
0.529782421,1.162283806,0.874582022,1.071655672,1.013361731,1.131975662,-0.12943643,0.813116763,0
1.498180564,1.055243252,1.172659055,0.921941648,0.780903033,1.337331266,0.176535917,1.594719886,0
1.468918809,0.902175977,0.793024309,1.397393805,1.186411902,1.415360253,0.003314922,1.28794712,1
1.394142478,0.95708669,1.16765065,1.684322267,0.971537046,0.963174901,0.026258139,0.999103289,0
1.456610678,1.279191812,1.232528339,1.093666255,0.965497453,0.866834757,0.021367515,0.633849744,0
0.813522374,1.061536542,0.941866935,1.082564152,1.039077465,0.80814475,0.004427885,0.972621926,0
1.466550144,0.94965801,1.381769526,0.89092479,1.002020217,0.780903817,-0.011295398,1.033846075,0
1.007759636,1.240569048,0.731793847,1.031609263,0.976699789,0.654501169,-0.029745384,1.210709699,0
0.339282323,1.252456933,1.386351548,1.583442432,0.793974939,1.062475427,0.055180781,1.282176953,0
1.220094532,0.725247482,0.564003143,1.182425148,1.027550507,0.7500618,0.017840995,1.341974629,0
0.904562294,1.271444209,1.724928535,0.828003736,1.190590758,0.804119454,0.108428975,0.616559771,0
1.675585822,1.850509464,0.94844944,1.254944952,1.102928801,1.17531389,0.088615524,1.162551446,1
1.099778719,1.240886237,0.759423211,1.570477604,1.239624288,1.045402267,-0.024200975,1.052115252,0
1.215962744,0.590297839,0.991832023,0.925245735,0.904290996,1.107406235,0.058681702,1.903393183,0
1.336212852,1.153212618,0.788380514,0.618557912,0.794388304,1.34128719,0.016572934,1.119408332,0
1.106409777,0.550755388,1.146741325,2.026330064,1.000830004,1.216132477,-0.029332835,0.91320404,0
1.163655609,2.050211502,1.391914333,0.59858826,0.927152676,1.379721645,0.105154526,1.133110657,0
1.495250908,1.770702406,0.801635943,1.006390974,0.947933003,1.019994124,0.040293978,1.097429514,1
0.826787483,0.900218455,1.19484981,1.242851405,1.092349944,1.402947648,0.017395998,0.503288208,0
0.954365295,0.42629984,0.666816158,1.04102892,0.949383892,1.089934191,-0.018445379,1.222491339,0
0.861511131,0.836488644,1.308238683,1.120035662,0.799986302,1.042176565,-0.032234941,1.006832573,0
1.702864135,1.045702778,1.154059092,1.380735267,0.938201054,1.365381552,0.209101442,1.091992635,1
0.954405008,0.571440877,1.31904583,0.193311337,1.118011873,0.78196158,0.076729492,0.83792944,0
1.149850859,1.079293246,1.019413274,0.643242211,1.18429612,1.505900142,-0.037290323,0.771825731,1
0.989788362,1.043726401,0.941210851,1.167703754,1.182284557,0.929474995,0.073029272,1.3636647,1
1.092137716,1.137546409,1.254029359,0.988313195,1.134894619,0.695473007,0.134961294,1.432536997,1
0.941899687,1.168893553,0.72298787,1.201764503,1.016381307,1.163375488,0.063401409,1.225429582,0
1.36195351,0.81031472,0.614293917,1.241061313,1.13098282,0.905669622,0.159921707,0.55676072,0
0.835702446,0.843975788,1.048759504,0.303632002,1.041532868,1.506451773,-0.073425051,1.244919008,0
0.726642306,1.113677649,0.952600848,1.659456133,1.072619228,0.891774795,-0.109305764,0.561219035,0
1.004552871,0.910702361,1.188458333,0.950692847,0.862134652,1.078612229,0.070841394,0.90164731,0
0.920617674,1.372248431,1.322887856,0.803794726,1.058774993,0.643601671,0.072119691,1.359667535,0
0.731754312,1.110768365,1.18325352,1.233342118,1.125733247,1.203228561,-0.217160014,1.297279545,0
1.08681952,1.65950097,1.302975828,1.192864091,1.118225463,0.805652481,0.000113913,1.237090209,0
0.618958903,1.346144731,1.130263083,1.628676327,0.792496195,1.173331173,-0.030692985,1.493870796,0
1.80471167,1.431114161,1.173648937,1.258749265,1.069252155,0.89291369,-0.061355699,1.268004544,1
0.677589522,1.13976982,1.020835698,1.613244339,0.761222085,0.488266328,-0.030883341,0.494294232,0
0.973795175,1.14720845,1.166261365,0.77472905,1.084735329,1.032797523,0.097663024,0.989140746,0
1.058755765,1.619396174,1.091663207,1.206744422,0.909732562,1.021607129,-0.031392402,1.087517463,0
1.789639738,0.986512135,1.131294199,0.704100917,1.391128589,1.220267893,-0.028649771,1.052377482,0
0.594389641,1.264033806,1.008318992,1.189070342,1.073848666,1.389000143,-0.079504425,0.914859447,0
1.249717532,1.02012874,1.2522323,1.104284818,1.210232804,1.478102352,0.151512771,0.79095316,1
1.563005463,1.019409182,0.872386863,1.08708103,1.472174527,1.216038553,0.084770589,1.820223491,1
1.091589914,0.74933112,1.045412745,1.090588979,0.886519638,1.069654798,-0.149388496,0.983376552,0
0.790564039,0.877245695,1.377945975,1.444555788,1.137134982,0.643166603,-0.028579206,1.805480616,1
1.162205262,0.821519165,0.812819544,0.507056137,0.812817798,1.050505234,0.092281431,0.757612879,0
1.734485441,1.278310643,0.509538635,0.790084855,1.118979402,1.053735042,0.152511404,1.297118021,0
0.984474954,1.412061778,1.141614292,1.133771269,1.403141853,0.950339935,0.117267101,1.168892425,0
1.702664214,1.071573988,0.985761377,0.678534764,0.924423357,1.158241913,0.021545367,0.823415142,0
1.290533419,1.168888379,1.30271556,1.168445642,0.872809137,1.280476428,-0.104510149,0.959732867,0
1.631379974,1.054258593,1.01737123,1.129658992,1.031765153,0.795399017,0.11961992,1.095460979,1
1.276539082,0.856767224,0.898915232,0.588497342,1.459163458,0.791503911,0.026248252,0.846765015,0
1.030468508,1.358678907,1.031045651,0.568733941,1.204207784,0.965176997,0.055508961,1.023157822,0
1.773600995,1.295760408,1.323267147,0.100484706,0.86901707,0.846192702,0.035806365,0.390529272,1
1.278832373,0.532236204,1.193842407,0.66173198,1.341012116,0.589686699,-0.05844236,1.313454797,0
1.258250338,1.0150673,0.441524436,1.155729303,0.718987402,0.750851816,0.079140017,1.468145502,0
1.482644471,0.835391798,1.096441873,1.212475129,1.477311826,0.691919713,0.068116722,1.236309112,0
1.523453334,0.982718429,1.108940533,1.230759824,1.221290136,1.302112627,0.015936893,1.779277438,0
1.484499762,0.89887053,1.045437509,0.838832475,1.402711488,1.425706752,0.087688464,1.304628868,1
0.727247316,1.086073889,0.897277527,1.142678606,0.720440378,0.726141636,-0.059919964,1.442842892,0
0.976967564,1.001025579,1.348632969,1.308897844,1.083888366,1.136518378,0.028479778,1.47150885,0
0.970214867,0.994657792,1.361008487,0.64278578,1.023222215,1.218379106,0.052090198,0.274695993,1
0.92732192,1.432216529,0.499209885,1.19933163,0.848604105,0.626932803,-0.088794211,1.22710196,0
0.894763682,1.267153598,0.850510131,1.412592485,0.790795276,1.040244737,0.045432271,0.685119515,0
0.965141631,0.888831605,1.013817337,0.953691148,1.151416252,1.633379041,0.108691612,0.745728965,1
1.31758206,0.93333598,1.287127051,1.574893732,1.169546342,1.169286717,0.025741526,0.797908018,1
1.373043251,1.247537917,1.058713219,0.963026262,1.309994809,0.938674865,0.047270808,1.00618526,0
1.199427412,1.247125872,0.87910155,0.805975658,0.949315789,0.859953369,0.094987523,1.295137988,0
1.050888682,0.918865928,1.227383394,1.372736471,1.021678038,0.494384604,0.018975991,1.230196948,1
1.646412137,1.0298028,0.997165979,1.963317508,0.773508015,1.117618414,0.026176208,1.096225585,1
1.167951879,1.654041812,1.020649785,1.184141448,1.358157162,1.486954197,-0.044136281,1.316805032,0
1.527975382,0.924035573,1.043210392,1.403963122,1.063909618,0.796614061,0.048805058,1.335045896,1
1.000735854,1.673241377,1.19357711,0.946513112,1.1945177,0.51610383,0.023212121,1.232787257,0
1.34479948,1.431100083,0.9728626,0.653353512,1.201581079,0.833943955,0.089927184,0.582648564,0
1.669730977,1.617624883,1.221736623,1.216506258,1.341821431,1.220399936,0.095076796,0.878200163,1
0.286924197,0.911278408,1.031732758,1.279759989,0.883720107,0.892874999,0.113296723,1.10789835,0
0.970720151,1.049433238,0.783245853,1.006835564,1.18951732,0.794882977,0.009339172,1.320035865,0
1.407809762,0.965250857,1.040805924,1.402422607,1.044998259,1.004788729,-0.124126487,0.701426103,0
1.624485276,1.438025958,0.796196649,0.888367996,1.471135413,1.057425187,0.10933118,1.096596443,1
1.271089742,0.929694868,1.060246697,0.789165494,0.883127164,0.652902465,0.084489677,0.630312663,0
1.217350455,1.319364648,1.257368482,1.574257172,1.28428527,0.945679076,-0.000823328,1.407775396,0
1.763702462,1.303489823,0.781592748,1.576139051,1.120068356,0.875683097,0.094395216,1.172704184,1
1.645897687,1.085591141,1.141068351,0.896262758,1.109571219,0.839773913,-0.065887184,0.696159189,0
0.895996322,1.48959792,0.842740635,1.837540196,1.060804145,0.745740833,0.132419217,0.694181439,1
1.240743843,1.132303961,1.10042514,1.035157323,1.319333165,1.235314464,0.023310036,1.216229561,0
1.326059151,1.350225716,1.265051061,1.183913146,1.10277034,0.838903268,-0.016314209,1.512439674,0
1.801509781,0.951588989,0.517621731,1.116138983,0.745116932,0.501263679,0.000263876,0.770964249,0
1.503124681,0.882968956,0.771381043,1.359504087,1.293900714,1.066074455,0.031481201,1.335981233,0
1.163748365,1.319343659,0.957755139,1.258568598,1.257240366,1.181299868,0.049039034,0.937328685,1
1.277026015,1.229252073,1.128760122,1.253184865,1.167427537,0.800995984,0.053862422,1.346958231,1
0.540640779,1.172992299,1.008404168,0.742175347,0.824305274,0.860084328,0.015631404,1.304957273,0
1.53901997,0.996893496,1.038529805,0.474575073,0.855376928,0.83773657,0.066019166,1.146589952,0
1.426006476,1.564762843,1.560746131,1.606864011,0.674511423,0.91333666,0.050662342,0.549682608,1
1.624254752,0.765024259,0.74688568,0.9318216,1.142065975,1.276712546,-0.00180584,1.304355695,0
1.149582746,0.748597097,1.333871254,1.130386651,0.78009023,0.971485207,-0.01385525,1.250605781,0
1.244814374,1.382649952,0.962505468,1.280719564,0.706249821,1.209898386,0.098669243,1.223128926,0
1.031531578,1.358028915,1.187368698,1.801603841,1.304997824,0.757792092,0.091946083,1.158702219,1
0.798180783,1.206128834,1.582236639,1.21454317,1.203635913,0.904077395,0.054570908,0.836363934,1
0.989210329,1.013614333,1.222169506,0.992080975,0.983365667,1.238503454,0.123935637,1.424888831,0
0.563244843,1.250726639,1.143123927,0.940582247,1.023190683,0.79859865,-0.106906212,1.369441916,0
1.52011193,1.616249089,1.449780584,1.135057264,0.568531159,1.253034115,0.004848429,0.777373167,1
0.438791124,1.854663862,1.331199661,0.786254092,1.233348984,0.842903977,-0.042505369,1.494288503,0
1.911249884,0.603075888,0.850151481,1.161550289,0.911453707,0.919584371,0.230501781,1.13950083,1
0.582555585,0.974323964,1.123631186,1.129192125,1.116058173,1.417540647,0.107057586,1.138741086,0
1.724961036,0.955468021,0.620626066,1.806610779,0.552287548,0.891045256,0.043675041,1.047093399,0
0.882181085,1.587955842,0.914961653,1.116559545,1.245513606,1.036336451,0.112799246,1.076601981,0
1.396361574,0.355611504,1.128513242,0.380204736,0.899431046,1.154109106,0.139302053,1.511269756,0
0.936643655,1.254150558,0.899473662,2.219404388,0.774791547,1.056627162,0.138450535,1.409922495,1
1.785811856,1.022956907,1.118341686,1.532733492,0.982079673,1.063763337,0.123736279,1.403554125,1
1.215295934,1.591433825,1.046653846,1.982939498,0.930720956,0.985865064,0.028996774,1.155369306,1
1.575788704,1.550311652,1.184104183,0.687072005,1.264853523,0.674440198,0.009890766,1.366751517,0
1.226616814,1.20965202,0.943950244,1.061269287,0.965920976,1.087072333,-0.026975134,0.849706078,0
1.323535991,0.626083079,0.814962771,1.419760497,1.322523405,0.816882886,0.090195781,1.275032894,0
1.415637329,0.927833155,1.419531707,1.364556549,1.116028523,1.193941804,0.037285141,1.05395359,0
1.014946605,0.960682677,0.926075814,1.272775083,1.228873577,1.343015356,0.016522318,0.482058504,0
0.751898105,0.702063562,1.215002648,0.270155713,1.049566709,0.548610685,0.012347091,0.624169502,0
0.744438836,1.446375285,1.408811757,0.465024217,1.304411796,1.343451957,0.16601541,0.901106366,0
1.217794899,0.663972051,1.0906675,1.757008044,0.819275202,0.897235552,0.126214433,1.224546195,1
1.02897597,1.689598253,0.835923358,1.828131813,1.072724891,0.967262694,0.196431508,0.901376063,1
0.448950134,1.68884679,1.005347506,1.107339483,0.970712834,0.771903137,0.092321304,0.922664979,0
1.379529438,0.984481921,1.304385229,1.70617099,1.329325696,1.047116932,0.054556355,1.328978277,1
0.773528626,1.198548611,1.101561886,0.740708894,1.349806881,1.016703721,0.047967804,0.933496364,0
0.793886241,1.078314957,0.748714552,0.832229579,1.050084252,1.269230706,-0.031624124,1.499242173,0
1.185430888,1.37054744,1.199160958,0.709087871,0.79169778,0.814651681,-0.050913519,1.449537122,0
0.88495952,1.482403202,1.242382867,0.810032182,1.135419463,1.4152006,0.090587282,1.106564396,1
1.242876924,1.177399098,0.961172028,1.439078404,0.717078053,1.166178522,-0.024774297,1.326038435,0
1.890711312,1.240735013,1.202561094,0.805059051,1.37522856,1.022742244,0.06691662,1.285172136,0
1.067329824,0.913818721,1.111254649,2.045897216,0.955365986,0.954803909,0.139237335,1.026300417,1
0.829147299,1.23101419,1.000642615,1.334028243,1.043885967,0.923357638,-0.003236315,1.358490399,0
1.263527442,1.148828624,0.726616064,1.583810819,0.913809785,0.939664056,0.210838531,1.402670617,1
0.928668872,0.826461653,1.319488474,1.345976233,0.869643683,1.042100489,-0.02925561,0.814269431,0
1.208313019,1.095788867,1.23980275,1.63570786,1.197458263,0.94775001,0.129215581,1.146064591,0
1.310472592,0.985045245,1.195971574,0.8028,1.018276665,0.839867636,0.083980494,1.142751147,0
1.187681072,0.917151325,1.436131501,1.728773415,1.058496508,1.043614824,0.14552762,1.35488584,0
1.219795632,0.756052638,1.286298432,1.206375554,0.849221784,0.79092797,-0.039295809,0.966842495,1
1.267231633,1.11875082,1.221641502,1.633706444,1.221211845,1.080616725,0.234561673,0.9206719,1
1.758989453,0.865857798,0.496693163,0.574174379,1.241557947,0.944233241,0.035697993,1.150699898,0
1.111478244,0.958667548,1.349223738,1.222233283,1.008214303,1.174182727,0.104131835,1.454407767,1
1.244602042,1.422537283,1.070770129,1.208095487,1.303584427,1.247268553,0.165558999,0.740186865,1
1.503397172,1.28963483,1.12812292,0.902305414,1.029175169,1.24717014,0.001627035,0.792558154,0
1.364862891,0.806370006,1.129833297,1.275247532,1.205951099,1.079526264,0.116058109,0.943848528,0
1.07462678,1.20556732,1.243458186,1.765842739,0.725414484,1.108707805,-0.011717572,0.997226878,1
1.515652203,1.139834209,1.330543757,0.871539056,1.120686173,0.919312243,0.161756926,0.570325159,0
0.895063592,1.610508863,1.208560286,1.534741742,0.995703706,1.169409922,-0.010814458,1.549458586,1
1.1206377,1.5149435,1.168821397,0.699030778,1.081104485,1.19762534,0.053080559,1.060908023,1
0.930119711,0.639875382,1.107878185,1.993777838,1.072136481,0.608167712,0.074489656,1.015968643,0
1.40166111,1.358338301,0.212097371,1.463840127,1.075139964,1.094586799,0.112743982,1.586791261,0
1.616359923,1.479559175,0.978102245,1.840046933,1.173140146,1.342032452,0.207478105,1.315338049,1
1.278167656,1.267807763,0.814602621,1.418824208,0.936965274,0.910927426,0.013842481,0.939373437,0
1.226343081,0.999376357,1.352684885,1.306245271,1.163815852,0.856363256,0.141098782,1.149382354,1
0.893746966,1.824018175,1.2047593,1.467173176,1.296504977,0.895034135,0.207620676,1.08747886,0
0.954107109,1.295422784,0.935465753,1.095421015,0.767971799,0.623781002,0.063258669,1.534505257,0
0.78235896,1.692963282,0.960570704,0.502866438,0.89389198,1.031495989,0.00598938,1.049772739,0
0.438161514,1.505443529,0.951504659,1.328959739,0.902292915,1.00749136,-0.088402699,0.667382137,0
1.0631381,1.239240398,0.947043461,0.847798666,0.83159084,1.049256708,0.200662061,0.536832768,0
1.095663156,0.926089727,0.688860639,0.709335234,0.955060446,1.103994155,0.030444454,1.542548404,0
1.960494803,1.092768537,0.634680127,1.404517267,1.256623703,0.800501649,-0.03010868,0.863415591,0
1.746984748,1.033426264,1.057261693,1.03835661,1.339517385,1.0682998,-0.058666407,1.301063497,0
1.394474084,0.735644313,1.318828535,1.561081763,1.071234994,1.110799665,-0.030257135,1.121529029,0
1.929567031,1.295084472,0.915577576,0.834423692,0.985152798,0.877902067,0.123576423,0.975003564,0
1.686816224,1.570205901,1.125861188,0.961668409,1.210584794,1.1050295,0.134629482,1.022045775,1
0.497351193,1.010508952,1.233565229,1.610118411,0.577206301,1.020176657,0.10216975,1.575013364,1
1.57360966,1.74909695,0.801655449,1.261937064,0.838964306,0.842202558,0.060587026,0.665580971,0
1.449008993,0.632725164,1.045006143,0.559068784,0.585673919,1.070697174,-0.049641647,0.984063431,0
1.098717719,1.416309065,0.88336988,1.253104353,0.836860057,0.927322314,-0.008395276,1.371969728,1
0.704679118,1.601456071,1.451529873,1.742495419,0.896596495,1.174266319,-0.038529553,0.715056497,0
1.408390397,1.038790826,1.440614877,0.958569022,1.345536376,0.940208405,0.09582568,1.495184842,1
0.472305297,1.044183048,0.80191429,1.389223079,0.497787607,0.677558605,-0.035064998,1.367674915,0
1.192483763,1.412829553,1.146471096,0.810245234,0.96665948,1.066746746,-0.007139689,1.181538706,0
0.984018357,1.251797333,1.316899825,1.09528669,1.173913294,1.057350812,0.035321021,0.949052929,0
0.759405285,0.500776597,1.262082375,1.585934215,1.132146133,0.729715722,-0.083584012,0.676530153,0
1.616080353,0.846988054,1.070390759,1.237692667,1.342347627,1.187634029,0.053741714,1.312113768,1
1.185542049,1.095935136,1.376639365,1.665707945,1.082210296,1.174555209,0.04142777,1.92459348,0
1.260888215,0.689090546,0.823871328,1.320120962,1.124855636,0.782504952,0.144736732,1.143767761,1
1.517755182,0.957747705,0.974226764,2.037495871,0.682298634,0.835093425,-0.015589244,0.552186377,0
1.196923305,0.696594372,0.830589395,0.524034652,0.852346228,0.964498097,-0.053935641,1.237254947,0
1.35799392,0.988948811,1.245623374,1.06312266,0.693459051,0.810286967,0.020075228,1.358078891,0
1.485548067,0.999013182,0.904340781,0.716186483,1.164521622,1.160099296,-0.037847303,0.82464427,0
1.398364574,1.205526403,1.007187706,0.74350033,1.11973809,1.037242987,0.053132367,0.906346422,0
1.300093058,1.072472203,1.204417592,0.747126522,1.112707593,0.726610714,-0.098794789,0.875786531,0
1.824089492,1.250836916,1.224562478,1.217090329,0.873713278,0.794382272,0.001572368,0.94059084,1
1.634689709,1.215063202,0.823218413,1.240520374,0.855410044,1.296929794,-0.024269734,1.048351066,0
1.169982891,1.409401998,1.314163821,1.32098237,1.091889386,1.383890594,0.095420566,0.841729667,0
0.881607467,1.362134912,1.163922417,0.700775776,0.916122789,1.134682244,-0.014845177,0.729248678,0
1.423518277,1.330437151,0.77957429,1.020310072,0.845919087,0.947181186,-0.088887661,1.152312616,0
1.275551227,2.031460229,0.718071026,0.764282144,0.948322126,0.890009272,0.033854392,1.045201388,1
1.798148482,1.204220791,1.046045072,1.524352623,0.917851593,1.137424855,0.075590891,0.969127469,0
1.545622552,1.878071451,1.262523497,0.80189298,0.876655405,1.018980134,0.028303585,1.124956915,0
1.467471536,1.223665521,1.268928966,1.064515139,0.804846437,0.597482138,0.001094178,0.643947288,0
1.204533038,1.075144726,1.139041719,1.374122577,1.139737954,1.257966996,-0.003724968,1.178960877,0
0.89350544,0.988050445,1.06216871,0.90374853,1.361209888,1.336450817,0.059035843,0.97529354,0
1.130712961,1.55291774,1.177934417,1.427551378,1.04219916,1.184313133,-0.0211559,1.17184684,0
1.366889833,1.592151018,0.836167371,1.788431894,1.094486827,0.727097201,0.023721362,1.219894732,1
0.594646967,1.279935157,1.471746966,1.225884691,1.157275571,0.840793388,0.110035726,1.439345383,0
1.634599886,1.440064032,1.468484605,1.510644366,1.123313151,0.535570035,-0.054105846,1.130886325,1
1.923465401,0.71683386,1.157203079,0.320631644,0.880617534,1.399012123,0.046506638,1.420015649,0
0.519271248,0.635366053,1.099325105,0.978379229,1.393969242,0.910815359,-0.093119153,1.003426058,0
0.709924557,1.473898066,0.947144757,1.223960327,0.898537897,1.58332233,0.068234374,1.017746746,0
1.280381862,1.061956551,1.182187211,0.728813969,1.179617673,1.488807508,-0.028304737,1.072721548,0
0.99609668,1.324790725,0.877170657,1.233059734,1.156038261,0.774143396,0.131567345,1.33223747,0
1.291317252,0.884813615,0.494096992,1.573976222,0.658311692,0.822933065,-0.068155785,1.289287723,0
1.174914087,1.597096541,0.371473175,0.398175749,0.978230717,1.116547586,0.085366323,1.140521564,0
0.841663518,0.637874398,0.850125417,0.674370854,1.06132569,0.561364474,0.147690486,0.731679398,0
1.650942219,0.684324474,1.089094531,1.223925308,1.076630242,0.890435221,-0.032455152,1.283917753,0
1.362580812,1.533293475,1.132992933,1.334167892,1.110284103,0.86546025,-0.018950794,0.84157861,0
1.004090309,0.317047462,0.928310748,1.44523215,1.201532575,1.462791485,-0.025535652,0.825230782,0
1.72675879,1.21357066,1.085458792,1.194355792,1.048496927,1.040254471,0.011130985,0.758454473,1
1.022057916,1.067802201,0.981442911,1.334604962,1.120923514,0.928808256,0.091393744,1.075049387,0
0.765355819,0.879214424,0.800171811,1.511392283,1.041009083,0.842128817,0.004599605,1.46351729,0
1.264229138,1.040018045,1.036563873,0.984216759,0.846533269,1.223512399,-0.039676658,0.810391837,0
1.323605168,0.845742952,1.253239278,0.906565566,1.056480288,0.875822294,-0.111500297,1.603572786,0
1.386170912,1.562676784,0.811484563,1.082597348,1.199817969,0.987429256,0.178155801,1.372943067,1
1.443722894,1.641349127,0.811598847,1.229795177,1.271757676,0.840219119,0.18443965,0.660619381,1
1.380643655,0.894278724,0.782687352,0.886690623,1.157463132,0.620615717,0.094818963,0.985167445,0
1.366422775,1.182657463,0.565870316,0.992497073,1.316870065,0.750991218,-0.014830696,0.78792492,0
0.99918617,0.702477059,0.929949406,1.309080708,1.133772949,0.874507073,0.109816169,1.299486637,0
0.961739504,1.421915648,1.228521528,1.213100312,1.222775964,0.934186292,0.125896553,0.803550996,0
1.459827721,1.414102752,1.093479021,1.075865151,1.23747823,0.945144019,0.029660149,0.613664157,0
1.285209779,1.01142133,1.007687279,0.453572276,1.005329892,0.977770075,0.053309484,1.002282267,0
1.487086009,1.105065518,1.0822662,1.148596803,1.195200687,0.877828092,0.148541458,1.450818222,1
0.602452996,1.071870365,0.927754628,0.761998413,0.86187102,1.337281587,-0.081236909,1.042245133,0
1.024724766,0.61446265,0.563028341,1.543233082,1.119962469,1.23699603,0.129873826,1.219533159,0
1.867456616,1.563801244,1.245929695,1.026511539,1.165405165,0.966222683,0.025267695,1.231169329,1
1.393386603,0.869914028,1.317781143,0.751507178,1.260219024,1.06356457,-0.039006264,0.646317322,0
1.303442658,0.871955218,0.867960806,1.12538269,1.214151861,0.90697794,-0.032424518,0.830187762,0
1.447773528,1.054874044,1.012291095,1.658279834,1.262822837,0.289128677,-0.019177771,1.101939256,1
1.972957684,1.398664576,0.990750207,1.40232634,1.030123934,1.005123253,-0.046805658,0.932793505,1
1.89931734,0.922609035,1.137822202,1.23796686,0.980921369,1.07640359,0.191711118,1.611336365,1
0.647167735,0.514344434,1.472473364,0.619561976,0.995020248,0.59683456,0.089296235,0.731503281,0
0.776324594,0.833900582,1.339947811,1.79864004,1.103256746,1.124852767,0.13515862,0.827221969,1
0.635306271,1.227242126,0.955771444,0.90134913,0.688250597,0.929855831,0.094989463,1.187163278,0
0.938512239,1.756925086,1.185615965,1.523513565,1.316351394,1.08448343,0.054898209,0.911631999,1
1.219221755,0.72202401,1.363589217,1.019854849,1.058774672,0.937400338,0.055980426,0.23245022,0
1.2847053,0.71104947,1.152086291,1.485003149,0.966999684,1.312738619,0.018198989,1.680404369,0
0.66433244,0.64622135,1.048825149,1.672749638,0.544056758,1.056557205,0.02473741,0.777708384,0
0.546426861,0.608982503,1.161500024,1.409254908,1.042637299,1.250604115,-0.06264827,1.268267817,0
0.932323015,1.461707438,0.874182119,1.452341984,1.010304697,1.271181536,0.136546092,0.723982649,0
1.520659943,1.548406573,0.910679719,1.110624406,0.870590714,0.720111068,-0.095058663,0.841089528,0
1.581627019,1.153326768,0.783991441,0.976413543,0.915390631,0.815245782,-0.034688847,0.613120099,0
1.797038701,0.959686168,1.126766129,1.205319476,1.044672671,1.112902671,0.21096273,0.87764198,1
1.188684412,1.637343136,1.017149273,1.014034198,0.932352708,0.908615679,0.060893831,0.906715455,1
1.489853722,1.152172412,0.844220485,2.136881484,1.164375613,0.940348308,0.064216836,1.060230297,1
1.553463236,1.426831013,1.008955147,0.753056685,0.900243282,1.321641206,0.100987084,0.988229347,0
1.026099339,0.945065317,1.167499565,1.550834087,1.080921686,0.922408405,-0.073226999,0.667544052,0
1.335745709,1.113273156,1.528678076,1.356878734,1.286009074,0.757767663,-0.061503469,0.942830051,1
1.430546794,0.728797506,1.303016966,1.241948883,1.042680827,0.79155,0.014408452,1.5341032,0
0.881794834,1.288774692,0.478963036,1.74195444,1.121195425,1.545589125,-0.022268877,1.498517164,0
1.77473366,1.157281325,1.109827117,1.269350981,1.108530277,0.95544513,0.044003523,1.236706109,1
1.186415701,0.83163103,1.407331066,0.896037232,1.05159938,0.658938061,0.088843944,1.298929774,1
1.23046233,0.835667855,0.715531627,1.266692151,1.036598572,0.557635351,0.161133044,1.71824684,0
0.868430517,1.584787551,1.187889818,1.076728692,0.935725156,0.843840839,0.114887067,1.271374298,0
0.927200831,1.691500625,0.990839454,1.351313868,1.080202458,0.95086947,-0.029542137,1.293256958,0
0.43121989,1.036059399,1.337572633,1.475229453,0.993346498,1.237293427,0.020002874,0.630625092,0
1.219304557,1.120326072,1.151064299,0.806364823,1.359218034,1.213086292,-0.001755614,0.766210832,0
2.076991223,1.220034342,0.828996136,1.628134447,1.212228652,0.998413395,-0.03132487,1.090192905,0
0.843483193,1.144409527,0.99978713,1.048040062,0.759440821,0.886457853,-0.049534009,0.857767332,0
2.241668925,0.597710684,1.014576081,1.327445569,0.7705684,1.084900463,0.183144991,0.800613414,1
1.694987942,1.228361203,1.019205446,1.396812068,1.023908026,0.562813481,0.050851379,0.835262286,1
1.034243927,0.47363329,1.329815736,1.296955476,0.970938905,1.495270223,0.032061583,0.672928807,0
1.209542647,0.880194743,0.83934502,1.106356593,1.013361216,1.163526399,0.088740605,0.862584654,0
1.152714892,1.251628144,1.300762827,0.954560967,1.180232292,1.216747555,0.092699688,1.201830666,0
1.797157391,1.279998262,0.974437581,1.042402197,1.11314718,0.731461655,0.139506052,1.638897178,1
1.380955506,0.856978075,1.105877777,1.776068773,1.111125846,1.32066216,-0.009492929,1.339094655,1
1.613690917,0.962468918,1.068094397,0.803653425,1.339238933,0.88499571,0.082217777,1.290846646,0
1.325360146,0.921849047,1.044548665,0.862302665,0.772221689,0.761860469,-0.022893918,0.612939985,0
1.160809618,1.069146751,1.046599291,0.844740471,1.070787767,0.990206907,0.034787365,1.135789012,0
1.314248178,1.091961696,1.41433964,1.204301552,0.93418949,0.984361229,0.054539405,1.079912029,0
1.057569518,1.300540439,1.260612481,0.54011782,1.337087157,0.730365732,0.06235872,1.187222329,1
0.691728585,0.944930941,0.959321078,0.608576058,0.608129679,0.776265662,0.058825688,0.991793759,0
1.484791002,1.212018858,1.445696814,1.045618067,0.616903683,0.756692056,0.114146479,1.598623022,1
0.674592443,1.252104729,1.118670268,0.634889822,1.110927259,0.759071233,0.002240929,1.115832655,0
1.105908038,1.159486813,1.139406065,0.667491476,1.275259312,0.902975523,0.064533942,1.145067006,0
1.046047499,1.022118253,0.84067023,0.637892636,1.204650864,0.652753716,-0.010712387,0.511267933,0
1.425173876,1.154193639,0.925625335,0.811355316,0.889803841,0.827156376,0.283660205,1.067997295,1
1.747646605,1.325522082,0.877874123,1.442498603,1.351284344,1.261283637,-0.023029145,1.444777805,1
1.621739727,1.35175546,1.071518216,1.532283182,0.80370625,1.205827363,-0.006052212,1.266672682,1
1.435348757,1.644611805,1.20969577,1.917600357,1.311496838,0.73753019,0.120611846,0.453322718,1
0.979544924,0.802992129,1.141808075,1.902944743,0.83015435,1.239551229,0.015642789,0.965097478,1
1.135785796,0.967997783,1.447011039,1.464525084,0.979635166,0.508390183,0.12064369,1.61956984,1
1.084754203,0.615959402,0.828060499,1.56107107,1.177853908,1.607286081,0.062241807,1.054807784,0
1.035401494,1.379302839,1.078717261,1.202440836,0.756758434,1.325078298,0.017744859,1.196724795,0
1.059142112,0.999647748,0.729265168,1.357945941,1.34380468,0.860067022,-0.010220428,1.585702786,0
1.049801688,1.161857295,0.819532257,1.927441219,0.978411234,1.09560664,-0.013106925,1.053615758,1
1.034300833,0.918698429,1.366144594,1.298485147,1.077455227,0.649770168,0.01861432,1.337308958,0
1.533159056,1.001988802,0.934208783,1.611295431,1.282440158,1.015110697,0.036048295,1.223418763,0
0.830877089,1.466957032,0.849159051,0.776259357,0.891374931,0.954084242,-0.016550499,1.287544659,0
0.944684064,1.308270023,0.517505781,0.88350451,1.262162737,0.791309153,0.041261406,1.213764697,0
0.645807648,1.066543383,0.846661338,1.274827839,1.378106714,0.882860628,-0.037529223,0.935711036,0
1.695418981,1.330344176,0.998679931,1.209972668,0.918884201,0.858253131,0.110472097,0.965660735,1
0.921223964,1.336970024,0.71064926,0.902026325,1.323877535,0.71706582,0.125788992,0.843627146,0
1.431271331,0.982572345,0.984304153,2.112951034,0.697884281,0.785463189,-0.006346015,0.608087264,1
1.366361601,0.659276132,1.367657765,1.219037642,1.127920079,0.639538894,-0.010813844,1.473358973,1
1.661593517,0.830251512,0.873173665,0.972909979,0.804280297,1.214332691,0.064233345,1.10302489,1
1.126494156,0.697841419,0.814154238,1.210647531,1.23851371,0.766971813,0.151229287,1.458248055,0
0.868361074,1.449330394,0.769024633,1.160170681,1.22209121,0.694494782,0.168933093,1.569611802,0
0.655487508,1.501434565,0.764558977,1.225121019,1.465475999,1.21037617,-0.062219418,1.116025244,0
0.225377524,1.575912164,1.183894362,0.512513194,1.334256597,1.092405089,0.130504386,0.70595326,0
1.256473629,0.494133335,1.062167184,1.666778679,1.01684576,1.201125264,0.045075733,1.041143556,0
1.4714154,1.421420273,1.28921422,1.689531768,0.833650503,1.229020806,0.046624824,0.898656918,1
1.365090837,1.763657393,1.554959473,1.738128309,1.163137416,1.484363724,0.090376989,0.505954862,1
0.664582494,1.433596314,0.592402217,1.280172703,1.037853718,0.960990058,0.011523402,0.949481329,0
1.563589151,0.454631115,1.145019677,1.414992424,1.360231009,0.63559808,0.137736051,1.078538836,0
0.95562439,1.630489493,0.770345166,0.803509221,0.616723831,1.06775945,0.163916982,0.907002681,0
0.882583777,1.112506711,1.247224825,1.483159731,1.487611352,0.832748844,0.166902742,0.868536474,1
0.947778718,1.030280268,0.982022,1.250715083,1.156398122,0.760623679,-0.097513183,0.716739253,0
1.227443123,1.235328589,1.05683069,0.965837354,0.887397576,1.024981293,0.031627419,1.158776645,0
0.68035445,0.785297923,0.729205643,1.495897877,1.196797845,1.216438183,-0.104818447,1.660780785,0
1.18703743,1.100834711,0.943393244,1.511379614,1.309484284,0.79100129,-0.011222405,1.483587166,0
1.350306886,1.586128894,1.072415563,1.174243534,1.072869378,1.318597022,-0.14179991,1.296088066,0
1.587563364,1.286719061,1.389019537,1.325353032,0.697015923,0.75259651,0.086021331,1.302622736,1
1.26158483,1.117520442,0.851359868,0.737313195,0.991230593,0.939024195,0.067544771,1.060207057,0
0.731130026,1.126882448,0.912327107,1.647273375,1.257879011,1.09657697,0.015391911,0.558646046,0
1.25211158,0.745581805,1.286072411,0.790474725,1.149332947,0.903025198,-0.013291849,0.989170493,0
0.828909604,1.055003633,0.835164929,0.867829741,1.018698594,0.555999415,0.07512253,0.809216694,0
0.808719195,0.609711399,1.335596286,1.174926258,1.311663166,1.231851873,-0.030913766,1.146409025,0
0.723053739,1.406732286,1.047728356,1.595806514,1.197861168,0.844133915,-0.036356969,1.469964411,0
0.531061212,0.444286855,1.12578074,1.595579453,1.213267831,1.186224612,-0.046193296,1.692022877,0
1.001492891,1.356470114,1.141880576,1.148070151,0.967873062,0.683963966,0.033692726,1.119386309,0
1.59511106,1.39382327,0.895944862,1.459205345,0.948523264,0.726640854,0.003415394,0.599853099,1
1.989769405,1.495629385,1.147471705,0.47437662,0.710008056,1.215608352,0.019260959,1.118802815,0
0.999245195,1.126057749,0.856907554,0.862272004,0.998121649,1.085127023,0.091744699,1.126956849,0
1.580136934,1.37498854,0.924474249,0.870419824,1.237078411,0.890353572,0.127063728,1.303653161,0
1.061896189,1.052076008,1.189672742,1.650885164,1.009181341,1.0887579,0.166038463,1.094241335,1
0.622242498,0.743990865,1.123348489,1.411861665,1.139107769,0.761490216,0.054810958,1.119955482,0
1.445329792,1.559219718,1.031258762,1.22386111,1.272239871,1.027564779,0.077807128,0.910381773,0
1.28218493,1.070934251,0.735317088,1.262694026,1.124566598,1.032138481,0.065107709,1.006429405,0
1.836306863,0.677146605,0.797710428,1.77733571,1.144102952,0.906554599,-0.083934856,1.253969728,1
0.662862531,0.959955516,1.119177261,1.081928133,0.778435508,0.791178574,0.020424236,0.497454885,0
2.178611448,0.971802595,1.233035141,0.624373077,0.985487043,1.017562145,0.020792142,1.00481343,0
1.757101063,1.238509075,0.772588624,1.584878074,1.395325301,0.986254714,0.009134974,1.30636999,1
1.193726749,1.804114245,0.840043688,1.222735615,1.070759436,0.88354448,0.046724854,1.592218682,0
1.095476773,1.256725584,1.083546294,1.531468671,1.429347636,0.741546382,0.032441556,0.980499067,0
0.949466546,1.162053156,1.078196966,1.132094077,0.905376874,1.003119262,-0.028906141,1.455610934,0
1.238406424,1.83673286,0.644010698,0.814524191,1.09678949,0.884169409,0.037917924,1.607007154,0
1.135622346,1.393668062,1.090390753,1.311128688,0.973464312,0.741335595,-0.001124032,0.98438528,0
1.379828395,1.176274761,0.900408047,1.154070028,1.168396937,1.010882453,-0.159539418,0.93253744,0
1.096971669,0.956176442,1.460261657,1.223976913,1.229001734,1.402076368,-0.061765514,1.045377659,1
1.695237292,1.194860023,1.112299636,1.796628198,1.170493219,0.908293084,0.057113146,1.075414464,1
1.243766111,1.080082879,1.155368362,0.710519009,1.258370429,1.374444135,0.137351305,1.4272468,0
1.11011404,1.127430238,1.161839826,1.264367464,1.047365402,1.528582929,-0.144176261,0.867882446,0
1.558500304,1.494320727,0.746518155,0.822401324,1.011894326,0.761645274,-0.019631331,1.561419631,1
0.632116729,0.937903345,1.535969223,0.113781611,0.698361399,1.002261052,0.084516307,0.859772734,0
1.319345923,1.254062212,0.644272188,1.130413924,1.177690187,1.525932979,0.120255637,0.720672524,0
1.208949968,1.384681997,1.248925785,1.162409175,1.084436818,0.96973001,0.016390915,1.257133163,0
0.706202314,0.901366245,1.204665984,1.399408841,1.036417052,1.009203036,-0.004622589,1.469168129,0
0.602023852,0.853213575,0.930749405,1.062983701,1.011836519,0.582498631,0.14757686,1.153596644,0
1.553620751,1.054897423,1.216612579,0.554399858,1.042624088,0.867084525,0.113687416,1.230525319,1
1.536976742,0.961511123,0.9706067,0.821027369,1.002752774,1.138897171,0.118689472,1.686289171,1
1.26039545,1.445699783,0.881134639,1.676783535,0.944393232,1.607320661,0.01255488,1.473395834,0
1.800830222,0.799469516,1.167389792,0.815348828,1.097917776,0.950998292,0.139095539,1.109277625,1
1.354338864,1.120541411,0.798359752,1.783290212,1.146831824,0.584343419,-0.105605499,0.970655935,0
1.637431862,1.8638145,0.99393621,1.569993717,0.895886417,0.648687702,0.140498407,1.42851766,1
1.347113606,1.22391696,0.901455813,1.022887758,0.969852886,0.991052579,0.044677428,1.348785174,0
1.103466652,1.273787043,0.966005123,0.858368335,1.00907565,1.2943017,0.060314735,1.225573005,0
0.829864062,1.448204749,1.15818215,1.569165188,1.050962661,1.159338421,-0.025620213,1.001895894,0
0.988797311,0.96111528,0.901408407,1.053635502,1.024362906,1.115063966,-0.095122108,1.077083109,0
1.110007205,0.775574111,1.001919022,0.531739944,1.18194424,1.327286097,0.058616332,1.055744131,0
1.677103586,1.152953383,0.924213687,1.374926648,0.719526597,0.819942728,0.094111564,1.006889365,1
1.469471845,1.179621149,1.410999166,1.316905379,0.75499256,1.00477368,0.106215391,0.919655559,0
1.315611674,0.614536762,1.1356531,1.605082481,1.08871388,0.86990447,0.097582288,1.179559591,1
1.504503468,1.212521574,1.105017408,1.289838,0.92946283,0.932136066,0.079452936,0.906105411,1
1.3845843,1.42095515,1.220854626,0.930341209,1.226848461,0.748432661,-0.023902915,1.153213751,1
1.291678164,0.826115578,0.901466356,1.657871536,1.283960191,0.914005982,0.111398086,0.47003803,0
0.675469209,1.230666755,1.264814306,1.696796173,1.096749435,0.993071108,-0.032849788,0.920037749,0
1.598705151,1.367679098,1.136544436,1.243282386,0.835605017,0.907132125,0.138565139,1.42949876,1
1.039520853,1.276003463,0.659777274,1.174128766,1.260918703,0.959734624,0.04328145,0.829871232,0
1.580989097,1.304301872,0.692992292,0.620691591,1.089780532,1.101260136,0.045943262,1.277630588,0
1.614823602,1.026559927,0.906925737,0.906989463,0.752612805,1.309673942,0.119274129,0.854814875,0
0.965486282,0.761748699,0.719748376,1.454307857,0.77029607,1.327788967,0.13011749,1.332735697,0
1.532400628,0.965856061,0.990430385,0.92708788,1.353389358,1.190355442,0.111651094,1.010867316,0
1.073654382,0.924182869,0.796565502,0.567264852,1.320227183,0.68500463,-0.015636628,0.999006019,0
1.075738685,1.075922286,1.025569237,2.548351116,0.546571372,0.909897504,0.111013564,1.116305444,1
1.290115632,1.427981272,1.402927344,0.564637617,0.778441821,0.931428742,-0.015183169,0.69697191,0
1.299565406,0.706447962,1.037655774,2.052700559,1.278171099,0.835712542,0.113032112,1.391627246,0
1.21349303,1.143275007,0.974258886,1.027030622,1.046301482,1.085587795,-0.064013056,1.491030032,0
